cod;nome;ano;valor
15;PA;1980;0.4701
35;SP;1980;0.4712
42;SC;1980;0.6615
43;RS;1980;13.893
50;MS;1980;17.521
51;MT;1980;0.0878
52;GO;1980;0.6735
53;DF;1980;0.4248
51;MT;1980;0.0878
50;MS;1980;17.521
43;RS;1980;13.893
42;SC;1980;0.6615
35;SP;1980;0.4712
33;RJ;1980;0.3454
32;ES;1980;0.5437
29;BA;1980;0.2538
28;SE;1980;0.2631
27;AL;1980;0.5547
26;PE;1980;0.3744
25;PB;1980;0.2166
24;RN;1980;0.5266
23;CE;1980;0.1702
22;PI;1980;0.2337
21;MA;1980;0.0751
16;AP;1980;0.5706
15;PA;1980;0.4701
14;RR;1980;12.639
13;AM;1980;0.4893
12;AC;1980;13.277
11;RO;1980;18.329
53;DF;1980;0.4248
41;PR;1980;0.983
31;MG;1980;0.725
17;TO;1980;0
11;RO;1980;18.329
12;AC;1980;13.277
13;AM;1980;0.4893
14;RR;1980;12.639
52;GO;1980;0.6735
16;AP;1980;0.5706
21;MA;1980;0.0751
22;PI;1980;0.2337
23;CE;1980;0.1702
24;RN;1980;0.5266
25;PB;1980;0.2166
26;PE;1980;0.3744
27;AL;1980;0.5547
28;SE;1980;0.2631
29;BA;1980;0.2538
32;ES;1980;0.5437
33;RJ;1980;0.3454
41;PR;1980;0.983
31;MG;1980;0.725
17;TO;1980;0
17;TO;1981;0
16;AP;1981;0
13;AM;1981;0.0675
14;RR;1981;11.128
53;DF;1981;0.496
51;MT;1981;0
35;SP;1981;0.595
33;RJ;1981;0.298
11;RO;1981;0.9248
12;AC;1981;0.3223
13;AM;1981;0.0675
14;RR;1981;11.128
15;PA;1981;0.5393
21;MA;1981;0.0492
23;CE;1981;0.2979
24;RN;1981;0.6191
25;PB;1981;0.4637
26;PE;1981;0.5306
27;AL;1981;0.3459
28;SE;1981;0.1713
29;BA;1981;0.2074
31;MG;1981;0.9291
15;PA;1981;0.5393
21;MA;1981;0.0492
23;CE;1981;0.2979
24;RN;1981;0.6191
25;PB;1981;0.4637
32;ES;1981;0.3385
26;PE;1981;0.5306
27;AL;1981;0.3459
28;SE;1981;0.1713
29;BA;1981;0.2074
31;MG;1981;0.9291
32;ES;1981;0.3385
41;PR;1981;0.8839
42;SC;1981;0.6759
43;RS;1981;16.245
50;MS;1981;0.9277
52;GO;1981;11.598
22;PI;1981;0.138
17;TO;1981;0
16;AP;1981;0
11;RO;1981;0.9248
12;AC;1981;0.3223
53;DF;1981;0.496
52;GO;1981;11.598
50;MS;1981;0.9277
43;RS;1981;16.245
42;SC;1981;0.6759
41;PR;1981;0.8839
51;MT;1981;0
35;SP;1981;0.595
33;RJ;1981;0.298
22;PI;1981;0.138
41;PR;1982;0.8237
11;RO;1982;0.6654
12;AC;1982;0.6225
13;AM;1982;0.3882
15;PA;1982;0.2998
16;AP;1982;10.265
21;MA;1982;0.0722
22;PI;1982;0.3612
23;CE;1982;0.1644
24;RN;1982;0.6543
25;PB;1982;0.3516
26;PE;1982;0.4911
27;AL;1982;0.2893
28;SE;1982;0.1666
29;BA;1982;0.3547
31;MG;1982;0.6892
32;ES;1982;0.6596
35;SP;1982;0.5504
41;PR;1982;0.8237
42;SC;1982;0.6077
43;RS;1982;12.113
50;MS;1982;10.417
51;MT;1982;0.0775
53;DF;1982;0.3201
52;GO;1982;0.794
33;RJ;1982;0.277
17;TO;1982;0
14;RR;1982;0
53;DF;1982;0.3201
51;MT;1982;0.0775
50;MS;1982;10.417
43;RS;1982;12.113
42;SC;1982;0.6077
35;SP;1982;0.5504
32;ES;1982;0.6596
31;MG;1982;0.6892
29;BA;1982;0.3547
28;SE;1982;0.1666
27;AL;1982;0.2893
26;PE;1982;0.4911
25;PB;1982;0.3516
24;RN;1982;0.6543
23;CE;1982;0.1644
22;PI;1982;0.3612
21;MA;1982;0.0722
16;AP;1982;10.265
15;PA;1982;0.2998
13;AM;1982;0.3882
12;AC;1982;0.6225
11;RO;1982;0.6654
14;RR;1982;0
17;TO;1982;0
33;RJ;1982;0.277
52;GO;1982;0.794
16;AP;1983;19.454
21;MA;1983;0.0707
22;PI;1983;0.2659
23;CE;1983;0.2152
24;RN;1983;0.6386
27;AL;1983;0.7062
28;SE;1983;0.1621
29;BA;1983;0.1585
31;MG;1983;0.6497
32;ES;1983;0.5512
33;RJ;1983;0.2993
35;SP;1983;0.7244
41;PR;1983;0.9303
42;SC;1983;0.9558
43;RS;1983;14.871
51;MT;1983;0.2182
52;GO;1983;11.608
53;DF;1983;0.6203
12;AC;1983;0
14;RR;1983;0
17;TO;1983;0
25;PB;1983;0.416
26;PE;1983;0.484
50;MS;1983;14.2
53;DF;1983;0.6203
52;GO;1983;11.608
51;MT;1983;0.2182
43;RS;1983;14.871
42;SC;1983;0.9558
41;PR;1983;0.9303
35;SP;1983;0.7244
33;RJ;1983;0.2993
32;ES;1983;0.5512
31;MG;1983;0.6497
29;BA;1983;0.1585
28;SE;1983;0.1621
27;AL;1983;0.7062
24;RN;1983;0.6386
23;CE;1983;0.2152
22;PI;1983;0.2659
21;MA;1983;0.0707
16;AP;1983;19.454
15;PA;1983;0.4718
13;AM;1983;0.9322
11;RO;1983;12.089
14;RR;1983;0
17;TO;1983;0
25;PB;1983;0.416
26;PE;1983;0.484
12;AC;1983;0
50;MS;1983;14.2
11;RO;1983;12.089
13;AM;1983;0.9322
15;PA;1983;0.4718
50;MS;1984;11.202
42;SC;1984;0.657
28;SE;1984;0
27;AL;1984;0.368
17;TO;1984;0
15;PA;1984;0.404
14;RR;1984;0
11;RO;1984;11.077
12;AC;1984;0.5827
13;AM;1984;0.2989
16;AP;1984;18.486
21;MA;1984;0.0462
22;PI;1984;0.1305
23;CE;1984;0.0881
24;RN;1984;0.3358
25;PB;1984;0.2051
26;PE;1984;0.4309
29;BA;1984;0.3681
31;MG;1984;0.6746
32;ES;1984;0.5378
33;RJ;1984;0.3632
35;SP;1984;0.6387
41;PR;1984;12.871
43;RS;1984;12.945
51;MT;1984;0.6855
52;GO;1984;12.484
53;DF;1984;0.2256
14;RR;1984;0
15;PA;1984;0.404
17;TO;1984;0
27;AL;1984;0.368
28;SE;1984;0
42;SC;1984;0.657
53;DF;1984;0.2256
52;GO;1984;12.484
51;MT;1984;0.6855
50;MS;1984;11.202
43;RS;1984;12.945
41;PR;1984;12.871
35;SP;1984;0.6387
33;RJ;1984;0.3632
32;ES;1984;0.5378
31;MG;1984;0.6746
29;BA;1984;0.3681
26;PE;1984;0.4309
25;PB;1984;0.2051
24;RN;1984;0.3358
23;CE;1984;0.0881
22;PI;1984;0.1305
21;MA;1984;0.0462
16;AP;1984;18.486
13;AM;1984;0.2989
12;AC;1984;0.5827
11;RO;1984;11.077
42;SC;1985;0.7173
43;RS;1985;15.488
50;MS;1985;14.137
51;MT;1985;0.5187
52;GO;1985;0.9069
53;DF;1985;0.6571
35;SP;1985;0.6318
41;PR;1985;11.373
42;SC;1985;0.7173
43;RS;1985;15.488
26;PE;1985;0.5614
27;AL;1985;0.6295
31;MG;1985;0.5328
32;ES;1985;0.4813
33;RJ;1985;0.2755
29;BA;1985;0.218
28;SE;1985;0
17;TO;1985;0
24;RN;1985;0.7501
23;CE;1985;0.1904
22;PI;1985;0.4273
21;MA;1985;0.0905
16;AP;1985;0.4403
15;PA;1985;0.4384
14;RR;1985;0.7041
13;AM;1985;0.5761
12;AC;1985;0.2823
11;RO;1985;14.058
50;MS;1985;14.137
51;MT;1985;0.5187
52;GO;1985;0.9069
53;DF;1985;0.6571
25;PB;1985;0.1686
33;RJ;1985;0.2755
32;ES;1985;0.4813
31;MG;1985;0.5328
27;AL;1985;0.6295
26;PE;1985;0.5614
25;PB;1985;0.1686
11;RO;1985;14.058
12;AC;1985;0.2823
13;AM;1985;0.5761
24;RN;1985;0.7501
23;CE;1985;0.1904
22;PI;1985;0.4273
21;MA;1985;0.0905
16;AP;1985;0.4403
15;PA;1985;0.4384
14;RR;1985;0.7041
17;TO;1985;0
28;SE;1985;0
29;BA;1985;0.218
35;SP;1985;0.6318
41;PR;1985;11.373
32;ES;1986;0.5557
31;MG;1986;0.777
28;SE;1986;0.075
17;TO;1986;0
16;AP;1986;12.62
14;RR;1986;0
53;DF;1986;0.5678
52;GO;1986;0.8582
50;MS;1986;10.662
43;RS;1986;13.262
41;PR;1986;10.399
35;SP;1986;0.6673
33;RJ;1986;0.3217
32;ES;1986;0.5557
29;BA;1986;0.2042
27;AL;1986;0.7038
26;PE;1986;0.3442
25;PB;1986;0.3992
24;RN;1986;0.2292
23;CE;1986;0.1191
22;PI;1986;0.2939
21;MA;1986;0.0887
15;PA;1986;0.4941
13;AM;1986;0.3336
12;AC;1986;0.5479
11;RO;1986;10.686
51;MT;1986;0.8
42;SC;1986;0.654
31;MG;1986;0.777
28;SE;1986;0.075
17;TO;1986;0
16;AP;1986;12.62
14;RR;1986;0
53;DF;1986;0.5678
52;GO;1986;0.8582
50;MS;1986;10.662
43;RS;1986;13.262
51;MT;1986;0.8
41;PR;1986;10.399
35;SP;1986;0.6673
33;RJ;1986;0.3217
29;BA;1986;0.2042
27;AL;1986;0.7038
26;PE;1986;0.3442
25;PB;1986;0.3992
24;RN;1986;0.2292
23;CE;1986;0.1191
22;PI;1986;0.2939
21;MA;1986;0.0887
15;PA;1986;0.4941
13;AM;1986;0.3336
12;AC;1986;0.5479
11;RO;1986;10.686
42;SC;1986;0.654
29;BA;1987;0.373
28;SE;1987;0.366
27;AL;1987;0.689
26;PE;1987;0.443
25;PB;1987;0.788
24;RN;1987;0.404
23;CE;1987;0.184
22;PI;1987;0.289
21;MA;1987;0.152
17;TO;1987;0
16;AP;1987;12.09
15;PA;1987;0.888
14;RR;1987;0
13;AM;1987;0.591
12;AC;1987;13.31
11;RO;1987;16.65
43;RS;1987;12.95
41;PR;1987;12.88
35;SP;1987;0.749
33;RJ;1987;0.318
32;ES;1987;0.543
31;MG;1987;0.705
29;BA;1987;0.373
53;DF;1987;0.76
52;GO;1987;14.62
51;MT;1987;0.879
50;MS;1987;14.09
28;SE;1987;0.366
27;AL;1987;0.689
26;PE;1987;0.443
25;PB;1987;0.788
17;TO;1987;0
16;AP;1987;12.09
15;PA;1987;0.888
14;RR;1987;0
13;AM;1987;0.591
12;AC;1987;13.31
11;RO;1987;16.65
21;MA;1987;0.152
24;RN;1987;0.404
23;CE;1987;0.184
42;SC;1987;0.76
22;PI;1987;0.289
53;DF;1987;0.76
52;GO;1987;14.62
51;MT;1987;0.879
50;MS;1987;14.09
43;RS;1987;12.95
42;SC;1987;0.76
41;PR;1987;12.88
35;SP;1987;0.749
33;RJ;1987;0.318
32;ES;1987;0.543
31;MG;1987;0.705
25;PB;1988;0.4215
24;RN;1988;0.7032
23;CE;1988;0.1646
22;PI;1988;0.0812
21;MA;1988;0.2138
16;AP;1988;0.7739
24;RN;1988;0.7032
23;CE;1988;0.1646
22;PI;1988;0.0812
21;MA;1988;0.2138
16;AP;1988;0.7739
15;PA;1988;0.3973
13;AM;1988;0.4165
12;AC;1988;10.359
11;RO;1988;0.9388
15;PA;1988;0.3973
13;AM;1988;0.4165
12;AC;1988;10.359
11;RO;1988;0.9388
25;PB;1988;0.4215
26;PE;1988;0.2915
27;AL;1988;0.3376
28;SE;1988;0.2148
35;SP;1988;0.6675
41;PR;1988;0.9603
42;SC;1988;0.7918
43;RS;1988;14.141
50;MS;1988;0.6591
51;MT;1988;0.8397
52;GO;1988;14.833
53;DF;1988;0.8748
14;RR;1988;0
17;TO;1988;0
17;TO;1988;0
14;RR;1988;0
29;BA;1988;0.2943
31;MG;1988;0.5099
32;ES;1988;0.8592
33;RJ;1988;0.3388
53;DF;1988;0.8748
52;GO;1988;14.833
51;MT;1988;0.8397
50;MS;1988;0.6591
43;RS;1988;14.141
42;SC;1988;0.7918
41;PR;1988;0.9603
35;SP;1988;0.6675
33;RJ;1988;0.3388
32;ES;1988;0.8592
31;MG;1988;0.5099
29;BA;1988;0.2943
28;SE;1988;0.2148
27;AL;1988;0.3376
26;PE;1988;0.2915
32;ES;1989;0.6013
52;GO;1989;12.195
51;MT;1989;0.6438
43;RS;1989;13.726
42;SC;1989;0.8688
41;PR;1989;10.484
35;SP;1989;0.6286
33;RJ;1989;0.3113
31;MG;1989;0.5618
29;BA;1989;0.2013
28;SE;1989;0.0701
27;AL;1989;0.4138
26;PE;1989;0.3311
25;PB;1989;0.2562
24;RN;1989;0.6033
23;CE;1989;0.2756
22;PI;1989;0.2399
21;MA;1989;0.0841
17;TO;1989;0.6767
16;AP;1989;0.3725
15;PA;1989;0.5787
13;AM;1989;0.5052
12;AC;1989;17.662
14;RR;1989;0
50;MS;1989;13.49
53;DF;1989;15.1
28;SE;1989;0.07
29;BA;1989;0.2
22;PI;1989;0.23
11;RO;1989;0.9854
11;RO;1989;0.98
42;SC;1989;0.86
17;TO;1989;0.67
51;MT;1989;0.64
35;SP;1989;0.62
24;RN;1989;0.6
32;ES;1989;0.6
15;PA;1989;0.57
31;MG;1989;0.56
13;AM;1989;0.5
27;AL;1989;0.41
16;AP;1989;0.37
26;PE;1989;0.33
33;RJ;1989;0.31
23;CE;1989;0.27
25;PB;1989;0.25
21;MA;1989;0.08
12;AC;1989;17.66
43;RS;1989;13.72
50;MS;1989;13.49
52;GO;1989;12.19
41;PR;1989;10.48
14;RR;1989;0
53;DF;1989;15.1
41;PR;1990;10.755
42;SC;1990;12.12
11;RO;1990;14.02
26;PE;1990;0.6685
27;AL;1990;0.5281
11;RO;1990;14.024
12;AC;1990;0.9846
13;AM;1990;0.1964
14;RR;1990;0.4903
51;MT;1990;0.77
32;ES;1990;0.74
31;MG;1990;0.7
51;MT;1990;0.7732
50;MS;1990;20.115
43;RS;1990;17.436
42;SC;1990;12.129
35;SP;1990;0.6754
33;RJ;1990;0.4108
32;ES;1990;0.7469
31;MG;1990;0.7027
29;BA;1990;0.2407
28;SE;1990;0.0686
43;RS;1990;17.43
50;MS;1990;20.11
16;AP;1990;0
17;TO;1990;0.3326
23;CE;1990;0.5111
41;PR;1990;10.75
15;PA;1990;0.52
53;DF;1990;10.9
35;SP;1990;0.67
26;PE;1990;0.66
53;DF;1990;10.902
52;GO;1990;0.63
27;AL;1990;0.52
23;CE;1990;0.51
14;RR;1990;0.49
25;PB;1990;0.41
33;RJ;1990;0.41
17;TO;1990;0.33
24;RN;1990;0.29
29;BA;1990;0.24
22;PI;1990;0.19
25;PB;1990;0.4116
12;AC;1990;0.98
13;AM;1990;0.19
21;MA;1990;0.18
28;SE;1990;0.06
15;PA;1990;0.521
16;AP;1990;0
21;MA;1990;0.186
22;PI;1990;0.197
24;RN;1990;0.296
52;GO;1990;0.636
16;AP;1991;0.346
32;ES;1991;11.15
33;RJ;1991;0.289
35;SP;1991;0.7
41;PR;1991;10.42
42;SC;1991;13.21
43;RS;1991;16.3
50;MS;1991;16.29
51;MT;1991;0.641
52;GO;1991;11.45
53;DF;1991;23.11
11;RO;1991;0.88
15;PA;1991;0.7
35;SP;1991;0.7
28;SE;1991;0.67
31;MG;1991;0.64
51;MT;1991;0.64
26;PE;1991;0.6
23;CE;1991;0.55
24;RN;1991;0.49
27;AL;1991;0.39
16;AP;1991;0.34
17;TO;1991;0.32
33;RJ;1991;0.28
13;AM;1991;0.28
25;PB;1991;0.28
31;MG;1991;0.642
29;BA;1991;0.21
22;PI;1991;0.19
21;MA;1991;0.16
12;AC;1991;26.33
53;DF;1991;23.11
43;RS;1991;16.3
50;MS;1991;16.29
14;RR;1991;13.79
42;SC;1991;13.21
52;GO;1991;11.45
32;ES;1991;11.15
41;PR;1991;10.42
17;TO;1991;0.326
21;MA;1991;0.162
22;PI;1991;0.194
23;CE;1991;0.55
24;RN;1991;0.497
25;PB;1991;0.281
26;PE;1991;0.603
27;AL;1991;0.398
28;SE;1991;0.67
29;BA;1991;0.219
11;RO;1991;0.883
12;AC;1991;26.33
13;AM;1991;0.285
14;RR;1991;13.79
15;PA;1991;0.707
41;PR;1992;10.87
14;RR;1992;0.89
31;MG;1992;0.86
32;ES;1992;0.79
35;SP;1992;0.76
27;AL;1992;0.74
13;AM;1992;0.74
42;SC;1992;0.69
51;MT;1992;0.67
16;AP;1992;0.65
26;PE;1992;0.58
17;TO;1992;0.53
12;AC;1992;0.46
24;RN;1992;0.45
15;PA;1992;0.43
11;RO;1992;0.43
15;PA;1992;0.4355
14;RR;1992;0.8971
13;AM;1992;0.7424
12;AC;1992;0.4655
11;RO;1992;0.4346
23;CE;1992;0.35
25;PB;1992;0.31
33;RJ;1992;0.27
29;BA;1992;0.27
22;PI;1992;0.19
21;MA;1992;0.08
53;DF;1992;18.28
43;RS;1992;18.2
50;MS;1992;15.49
52;GO;1992;15.08
51;MT;1992;0.678
53;DF;1992;18.28
28;SE;1992;10.55
16;AP;1992;0.6542
17;TO;1992;0.5301
21;MA;1992;0.0803
22;PI;1992;0.1924
23;CE;1992;0.3568
24;RN;1992;0.4505
25;PB;1992;0.3106
26;PE;1992;0.5852
27;AL;1992;0.7493
28;SE;1992;10.555
29;BA;1992;0.2752
31;MG;1992;0.8673
32;ES;1992;0.7963
33;RJ;1992;0.2787
35;SP;1992;0.7676
41;PR;1992;10.878
42;SC;1992;0.6953
43;RS;1992;18.203
50;MS;1992;15.494
52;GO;1992;15.089
17;TO;1993;0.6184
41;PR;1993;12.459
42;SC;1993;0.7451
43;RS;1993;19.423
51;MT;1993;0.8321
53;DF;1993;19.126
16;AP;1993;0.6477
41;PR;1993;12.45
12;AC;1993;13.71
15;PA;1993;0.5563
31;MG;1993;0.74
26;PE;1993;0.72
16;AP;1993;0.64
11;RO;1993;0.64
17;TO;1993;0.61
23;CE;1993;0.59
15;PA;1993;0.55
27;AL;1993;0.53
24;RN;1993;0.51
33;RJ;1993;0.46
13;AM;1993;0.45
14;RR;1993;0.41
29;BA;1993;0.29
22;PI;1993;0.26
28;SE;1993;0.12
21;MA;1993;0.11
25;PB;1993;0.06
50;MS;1993;21.62
43;RS;1993;19.42
53;DF;1993;19.12
32;ES;1993;0.88
51;MT;1993;0.83
35;SP;1993;0.75
52;GO;1993;16.78
50;MS;1993;21.62
52;GO;1993;16.78
33;RJ;1993;0.4669
35;SP;1993;0.7523
11;RO;1993;0.6443
12;AC;1993;13.714
13;AM;1993;0.4509
42;SC;1993;0.74
14;RR;1993;0.4148
32;ES;1993;0.8893
31;MG;1993;0.7433
29;BA;1993;0.2932
28;SE;1993;0.1289
27;AL;1993;0.5376
26;PE;1993;0.7265
25;PB;1993;0.0611
24;RN;1993;0.5193
23;CE;1993;0.5954
22;PI;1993;0.2634
21;MA;1993;0.1179
22;PI;1994;0.29
11;RO;1994;10.068
12;AC;1994;15.678
15;PA;1994;0.2813
16;AP;1994;0.3149
17;TO;1994;0.5047
21;MA;1994;0.0775
22;PI;1994;0.2972
23;CE;1994;0.4673
24;RN;1994;0.6291
25;PB;1994;0.3023
26;PE;1994;0.9361
27;AL;1994;10.962
29;BA;1994;0.1765
32;ES;1994;0.7291
33;RJ;1994;0.4703
35;SP;1994;0.9185
41;PR;1994;12.946
42;SC;1994;11.535
43;RS;1994;24.061
50;MS;1994;21.256
51;MT;1994;0.5341
52;GO;1994;15.799
53;DF;1994;22.862
13;AM;1994;0.749
14;RR;1994;0
28;SE;1994;0.38
31;MG;1994;0.784
41;PR;1994;12.94
12;AC;1994;15.67
52;GO;1994;15.79
50;MS;1994;21.25
53;DF;1994;22.86
43;RS;1994;24.06
21;MA;1994;0.07
29;BA;1994;0.17
15;PA;1994;0.28
25;PB;1994;0.3
16;AP;1994;0.31
23;CE;1994;0.46
33;RJ;1994;0.47
17;TO;1994;0.5
51;MT;1994;0.53
24;RN;1994;0.62
32;ES;1994;0.72
35;SP;1994;0.91
26;PE;1994;0.93
14;RR;1994;0
28;SE;1994;0.38
13;AM;1994;0.74
31;MG;1994;0.78
11;RO;1994;10.06
27;AL;1994;10.96
42;SC;1994;11.53
17;TO;1995;0.794
21;MA;1995;0.115
22;PI;1995;0.44
23;CE;1995;0.611
24;RN;1995;0.426
25;PB;1995;0.479
26;PE;1995;13.83
27;AL;1995;0.447
28;SE;1995;0.561
29;BA;1995;0.19
31;MG;1995;0.818
32;ES;1995;0.969
33;RJ;1995;0.564
35;SP;1995;0.929
41;PR;1995;15.38
42;SC;1995;15.3
43;RS;1995;28.61
50;MS;1995;23.53
51;MT;1995;12.53
52;GO;1995;23.44
53;DF;1995;27.05
11;RO;1995;0.52
14;RR;1995;19.07
15;PA;1995;0.49
25;PB;1995;0.47
27;AL;1995;0.44
32;ES;1995;0.96
35;SP;1995;0.92
31;MG;1995;0.81
17;TO;1995;0.79
13;AM;1995;0.73
23;CE;1995;0.61
33;RJ;1995;0.56
28;SE;1995;0.56
15;PA;1995;0.496
22;PI;1995;0.44
12;AC;1995;0.43
24;RN;1995;0.42
16;AP;1995;0.3
29;BA;1995;0.19
21;MA;1995;0.11
43;RS;1995;28.61
53;DF;1995;27.05
50;MS;1995;23.53
52;GO;1995;23.44
14;RR;1995;19.07
41;PR;1995;15.38
42;SC;1995;15.3
26;PE;1995;13.83
51;MT;1995;12.53
11;RO;1995;0.523
12;AC;1995;0.439
13;AM;1995;0.733
16;AP;1995;0.307
22;PI;1996;0.337
42;SC;1996;13.33
26;PE;1996;12.16
14;RR;1996;12.14
53;DF;1996;27.44
52;GO;1996;17.5
51;MT;1996;20.13
50;MS;1996;25.42
43;RS;1996;30.83
42;SC;1996;13.33
41;PR;1996;17.99
35;SP;1996;0.917
33;RJ;1996;0.462
32;ES;1996;0.821
31;MG;1996;0.882
29;BA;1996;0.151
28;SE;1996;0.246
27;AL;1996;0.608
26;PE;1996;12.16
25;PB;1996;0
24;RN;1996;0.391
23;CE;1996;0.676
35;SP;1996;0.91
31;MG;1996;0.88
32;ES;1996;0.82
23;CE;1996;0.67
13;AM;1996;0.62
27;AL;1996;0.6
16;AP;1996;0.52
33;RJ;1996;0.46
12;AC;1996;0.41
24;RN;1996;0.39
17;TO;1996;0.38
22;PI;1996;0.33
15;PA;1996;0.3
28;SE;1996;0.24
11;RO;1996;0.24
21;MA;1996;0.21
29;BA;1996;0.15
25;PB;1996;0
43;RS;1996;30.83
53;DF;1996;27.44
50;MS;1996;25.42
51;MT;1996;20.13
41;PR;1996;17.99
52;GO;1996;17.5
21;MA;1996;0.211
17;TO;1996;0.381
16;AP;1996;0.527
15;PA;1996;0.308
14;RR;1996;12.14
13;AM;1996;0.628
12;AC;1996;0.414
11;RO;1996;0.244
51;MT;1997;12.68
50;MS;1997;19.34
51;MT;1997;12.68
41;PR;1997;14.99
42;SC;1997;16.74
52;GO;1997;17.46
50;MS;1997;19.34
53;DF;1997;21.84
43;RS;1997;30.12
28;SE;1997;0.12
21;MA;1997;0.18
25;PB;1997;0.21
17;TO;1997;0.27
29;BA;1997;0.28
27;AL;1997;0.3
22;PI;1997;0.4
23;CE;1997;0.5
15;PA;1997;0.53
24;RN;1997;0.57
33;RJ;1997;0.66
13;AM;1997;0.69
14;RR;1997;0.78
12;AC;1997;10
31;MG;1997;0.84
35;SP;1997;0.84
11;RO;1997;0.876
11;RO;1997;0.87
32;ES;1997;0.94
16;AP;1997;0.99
12;AC;1997;10
13;AM;1997;0.691
14;RR;1997;0.786
15;PA;1997;0.531
16;AP;1997;0.995
17;TO;1997;0.278
21;MA;1997;0.189
22;PI;1997;0.408
23;CE;1997;0.506
24;RN;1997;0.578
25;PB;1997;0.21
26;PE;1997;11.52
27;AL;1997;0.3
28;SE;1997;0.121
29;BA;1997;0.283
31;MG;1997;0.84
41;PR;1997;14.99
42;SC;1997;16.74
26;PE;1997;11.52
43;RS;1997;30.12
35;SP;1997;0.849
33;RJ;1997;0.664
32;ES;1997;0.946
53;DF;1997;21.84
52;GO;1997;17.46
25;PB;1998;0.47
41;PR;1998;16.85
42;SC;1998;14.32
43;RS;1998;31.72
50;MS;1998;15.53
51;MT;1998;15.01
52;GO;1998;13.07
53;DF;1998;13.52
32;ES;1998;0.93
12;AC;1998;0.77
35;SP;1998;0.73
17;TO;1998;0.72
26;PE;1998;0.71
31;MG;1998;0.63
22;PI;1998;0.51
13;AM;1998;0.47
16;AP;1998;0.47
15;PA;1998;0.46
24;RN;1998;0.45
23;CE;1998;0.42
33;RJ;1998;0.4
27;AL;1998;0.33
29;BA;1998;0.25
21;MA;1998;0.2
28;SE;1998;0.17
43;RS;1998;31.72
14;RR;1998;23.01
41;PR;1998;16.85
11;RO;1998;16.46
50;MS;1998;15.53
51;MT;1998;15.01
42;SC;1998;14.32
53;DF;1998;13.52
52;GO;1998;13.07
11;RO;1998;16.46
12;AC;1998;0.778
13;AM;1998;0.476
14;RR;1998;23.01
15;PA;1998;0.468
16;AP;1998;0.475
17;TO;1998;0.722
21;MA;1998;0.205
22;PI;1998;0.516
23;CE;1998;0.428
24;RN;1998;0.457
25;PB;1998;0.477
26;PE;1998;0.718
27;AL;1998;0.335
28;SE;1998;0.178
29;BA;1998;0.257
31;MG;1998;0.637
32;ES;1998;0.932
33;RJ;1998;0.409
35;SP;1998;0.731
28;SE;1999;0.4
23;CE;1999;0.53
24;RN;1999;0.56
35;SP;1999;0.62
26;PE;1999;0.76
11;RO;1999;0.84
32;ES;1999;0.85
53;DF;1999;0.86
23;CE;1999;0.535
24;RN;1999;0.565
25;PB;1999;0.267
26;PE;1999;0.765
27;AL;1999;0.405
28;SE;1999;0.409
29;BA;1999;0.177
31;MG;1999;0.376
32;ES;1999;0.851
33;RJ;1999;0.348
35;SP;1999;0.62
41;PR;1999;14.4
42;SC;1999;14.12
43;RS;1999;30.99
50;MS;1999;15.79
51;MT;1999;12.63
52;GO;1999;14.44
53;DF;1999;0.863
14;RR;1999;26.22
13;AM;1999;0.387
12;AC;1999;0
11;RO;1999;0.848
22;PI;1999;0.219
21;MA;1999;0.277
17;TO;1999;0.529
16;AP;1999;0
15;PA;1999;0.323
51;MT;1999;12.63
42;SC;1999;14.12
41;PR;1999;14.4
52;GO;1999;14.44
50;MS;1999;15.79
14;RR;1999;26.22
43;RS;1999;30.99
12;AC;1999;0
16;AP;1999;0
29;BA;1999;0.17
22;PI;1999;0.21
25;PB;1999;0.26
21;MA;1999;0.27
15;PA;1999;0.32
33;RJ;1999;0.34
31;MG;1999;0.37
13;AM;1999;0.38
27;AL;1999;0.4
17;TO;1999;0.52
26;PE;2000;0.75
14;RR;2000;0.73
35;SP;2000;0.63
31;MG;2000;0.61
28;SE;2000;0.57
33;RJ;2000;0.46
32;ES;2000;0.43
43;RS;2000;30.06
42;SC;2000;14.51
16;AP;2000;0.21
24;RN;2000;0.44
53;DF;2000;12.894
52;GO;2000;16.553
51;MT;2000;16.532
50;MS;2000;21.383
43;RS;2000;30.068
41;PR;2000;12.852
35;SP;2000;0.6327
33;RJ;2000;0.4665
32;ES;2000;0.4361
31;MG;2000;0.6117
29;BA;2000;0.1979
28;SE;2000;0.5745
27;AL;2000;0.4017
26;PE;2000;0.7594
25;PB;2000;0.0883
23;CE;2000;0.3611
22;PI;2000;0.3269
21;MA;2000;0.2372
17;TO;2000;0.7745
15;PA;2000;0.2831
14;RR;2000;0.7322
13;AM;2000;0.3407
12;AC;2000;0.9227
11;RO;2000;0.9107
41;PR;2000;12.85
25;PB;2000;0.08
29;BA;2000;0.19
21;MA;2000;0.23
15;PA;2000;0.28
22;PI;2000;0.32
13;AM;2000;0.34
23;CE;2000;0.36
27;AL;2000;0.4
11;RO;2000;0.91
50;MS;2000;21.38
16;AP;2000;0.218
24;RN;2000;0.447
42;SC;2000;14.51
12;AC;2000;0.92
51;MT;2000;16.53
53;DF;2000;12.89
52;GO;2000;16.55
17;TO;2000;0.77
15;PA;2001;0.221
17;TO;2001;14.35
21;MA;2001;0.192
22;PI;2001;0.905
23;CE;2001;0.583
24;RN;2001;0.604
25;PB;2001;0.231
26;PE;2001;0.612
27;AL;2001;0.385
28;SE;2001;0.385
29;BA;2001;0.197
31;MG;2001;0.717
32;ES;2001;0.475
33;RJ;2001;0.474
35;SP;2001;0.712
41;PR;2001;15.68
42;SC;2001;14.32
43;RS;2001;23.96
50;MS;2001;14.68
51;MT;2001;15.62
52;GO;2001;16.03
53;DF;2001;11.92
11;RO;2001;10.65
12;AC;2001;13.93
17;TO;2001;14.35
21;MA;2001;0.19
29;BA;2001;0.19
16;AP;2001;0.2
15;PA;2001;0.22
25;PB;2001;0.23
27;AL;2001;0.38
28;SE;2001;0.38
13;AM;2001;0.48
23;CE;2001;0.58
24;RN;2001;0.6
26;PE;2001;0.61
14;RR;2001;0.89
22;PI;2001;0.9
42;SC;2001;14.32
50;MS;2001;14.68
53;DF;2001;11.92
51;MT;2001;15.62
41;PR;2001;15.68
52;GO;2001;16.03
43;RS;2001;23.96
33;RJ;2001;0.47
32;ES;2001;0.47
35;SP;2001;0.71
31;MG;2001;0.71
11;RO;2001;10.65
12;AC;2001;13.93
13;AM;2001;0.483
14;RR;2001;0.89
16;AP;2001;0.201
27;AL;2002;0.242
23;CE;2002;0.653
24;RN;2002;0.491
25;PB;2002;0.372
26;PE;2002;0.569
29;BA;2002;0.18
15;PA;2002;0.2
27;AL;2002;0.24
21;MA;2002;0.27
13;AM;2002;0.3
25;PB;2002;0.37
16;AP;2002;0.38
33;RJ;2002;0.46
53;DF;2002;0.979
52;GO;2002;17.66
51;MT;2002;12.67
50;MS;2002;16.82
43;RS;2002;27.67
42;SC;2002;11.94
22;PI;2002;0.656
21;MA;2002;0.276
17;TO;2002;0.828
16;AP;2002;0.387
15;PA;2002;0.201
14;RR;2002;17.3
13;AM;2002;0.304
12;AC;2002;10.22
11;RO;2002;0.698
12;AC;2002;10.22
41;PR;2002;10.41
42;SC;2002;11.94
51;MT;2002;12.67
50;MS;2002;16.82
14;RR;2002;17.3
52;GO;2002;17.66
24;RN;2002;0.49
43;RS;2002;27.67
32;ES;2002;0.5
26;PE;2002;0.56
31;MG;2002;0.64
23;CE;2002;0.65
22;PI;2002;0.65
35;SP;2002;0.69
11;RO;2002;0.69
17;TO;2002;0.82
41;PR;2002;10.41
35;SP;2002;0.692
33;RJ;2002;0.462
32;ES;2002;0.5
31;MG;2002;0.643
29;BA;2002;0.188
28;SE;2002;0.867
28;SE;2002;0.86
53;DF;2002;0.97
51;MT;2003;17.72
13;AM;2003;0.36
13;AM;2003;0.3629
14;RR;2003;0.5598
15;PA;2003;0.2433
16;AP;2003;0.9349
17;TO;2003;13.819
21;MA;2003;0.1532
22;PI;2003;0.5472
50;MS;2003;18.89
11;RO;2003;0.34
25;PB;2003;0.25
15;PA;2003;0.24
26;PE;2003;0.42
23;CE;2003;0.43
33;RJ;2003;0.47
22;PI;2003;0.54
14;RR;2003;0.55
35;SP;2003;0.62
28;SE;2003;0.64
24;RN;2003;0.65
32;ES;2003;0.7
31;MG;2003;0.71
53;DF;2003;0.73
16;AP;2003;0.93
29;BA;2003;0.22
21;MA;2003;0.15
27;AL;2003;0.06
17;TO;2003;13.81
12;AC;2003;11.65
41;PR;2003;10.7
23;CE;2003;0.4382
24;RN;2003;0.6579
11;RO;2003;0.3434
12;AC;2003;11.655
41;PR;2003;10.7
25;PB;2003;0.2558
26;PE;2003;0.4288
27;AL;2003;0.0685
29;BA;2003;0.2233
31;MG;2003;0.7115
32;ES;2003;0.7076
33;RJ;2003;0.4705
35;SP;2003;0.6226
42;SC;2003;10.879
43;RS;2003;27.971
50;MS;2003;18.897
51;MT;2003;17.727
52;GO;2003;13.191
53;DF;2003;0.7307
43;RS;2003;27.97
28;SE;2003;0.6401
42;SC;2003;10.87
52;GO;2003;13.19
14;RR;2004;18.33
51;MT;2004;0.98
42;SC;2004;0.93
22;PI;2004;0.9
52;GO;2004;0.85
11;RO;2004;0.76
31;MG;2004;0.7
53;DF;2004;0.7
24;RN;2004;0.64
17;TO;2004;0.63
13;AM;2004;0.6
35;SP;2004;0.55
32;ES;2004;0.47
26;PE;2004;0.46
25;PB;2004;0.42
33;RJ;2004;0.41
23;CE;2004;0.38
16;AP;2004;0.36
27;AL;2004;0.3
29;BA;2004;0.27
28;SE;2004;0.25
15;PA;2004;0.24
21;MA;2004;0.13
43;RS;2004;24.15
12;AC;2004;15.86
50;MS;2004;11.66
41;PR;2004;11.94
11;RO;2004;0.768
12;AC;2004;15.86
13;AM;2004;0.605
14;RR;2004;18.33
15;PA;2004;0.248
16;AP;2004;0.365
17;TO;2004;0.634
21;MA;2004;0.133
22;PI;2004;0.907
23;CE;2004;0.389
24;RN;2004;0.641
25;PB;2004;0.42
26;PE;2004;0.469
27;AL;2004;0.302
28;SE;2004;0.258
29;BA;2004;0.27
31;MG;2004;0.705
32;ES;2004;0.477
33;RJ;2004;0.414
35;SP;2004;0.55
41;PR;2004;11.94
42;SC;2004;0.935
43;RS;2004;24.15
50;MS;2004;11.66
51;MT;2004;0.982
52;GO;2004;0.853
53;DF;2004;0.701
28;SE;2005;0.2
53;DF;2005;0.857
52;GO;2005;0.854
51;MT;2005;10.35
50;MS;2005;18.11
43;RS;2005;21.58
42;SC;2005;0.886
41;PR;2005;11.01
35;SP;2005;0.561
33;RJ;2005;0.403
32;ES;2005;0.792
31;MG;2005;0.577
14;RR;2005;12.78
15;PA;2005;0.215
16;AP;2005;0.168
17;TO;2005;0.766
21;MA;2005;0.328
22;PI;2005;0.432
23;CE;2005;0.506
24;RN;2005;0.633
25;PB;2005;0.417
26;PE;2005;0.416
27;AL;2005;0.232
28;SE;2005;0.203
11;RO;2005;0.977
29;BA;2005;0.311
11;RO;2005;0.97
42;SC;2005;0.88
53;DF;2005;0.85
52;GO;2005;0.85
32;ES;2005;0.79
17;TO;2005;0.76
24;RN;2005;0.63
31;MG;2005;0.57
35;SP;2005;0.56
23;CE;2005;0.5
22;PI;2005;0.43
25;PB;2005;0.41
26;PE;2005;0.41
33;RJ;2005;0.4
13;AM;2005;0.37
21;MA;2005;0.32
29;BA;2005;0.31
27;AL;2005;0.23
15;PA;2005;0.21
43;RS;2005;21.58
16;AP;2005;0.16
13;AM;2005;0.371
12;AC;2005;10.45
51;MT;2005;10.35
12;AC;2005;10.45
41;PR;2005;11.01
14;RR;2005;12.78
50;MS;2005;18.11
11;RO;2006;0.576
28;SE;2006;0.3
16;AP;2006;0.32
23;CE;2006;0.36
33;RJ;2006;0.36
21;MA;2006;0.37
26;PE;2006;0.44
32;ES;2006;0.49
31;MG;2006;0.53
53;DF;2006;0.54
52;GO;2006;0.55
35;SP;2006;0.56
42;SC;2006;0.72
41;PR;2006;0.79
22;PI;2006;0.82
17;TO;2006;0.9
42;SC;2006;0.722
43;RS;2006;21.89
50;MS;2006;14.8
51;MT;2006;10.5
52;GO;2006;0.558
53;DF;2006;0.545
11;RO;2006;0.57
41;PR;2006;0.799
35;SP;2006;0.568
33;RJ;2006;0.366
32;ES;2006;0.491
31;MG;2006;0.534
29;BA;2006;0.201
28;SE;2006;0.3
27;AL;2006;0.197
26;PE;2006;0.447
25;PB;2006;0.276
24;RN;2006;11.5
23;CE;2006;0.365
22;PI;2006;0.823
21;MA;2006;0.372
17;TO;2006;0.901
16;AP;2006;0.325
15;PA;2006;0.253
14;RR;2006;0.248
13;AM;2006;0.211
12;AC;2006;0.291
12;AC;2006;0.29
51;MT;2006;10.5
24;RN;2006;11.5
50;MS;2006;14.8
43;RS;2006;21.89
27;AL;2006;0.19
29;BA;2006;0.2
13;AM;2006;0.21
14;RR;2006;0.24
15;PA;2006;0.25
25;PB;2006;0.27
23;CE;2007;0.367
21;MA;2007;0.523
17;TO;2007;0.885
16;AP;2007;10.22
15;PA;2007;0.536
14;RR;2007;0.758
13;AM;2007;0.186
12;AC;2007;0.763
11;RO;2007;0.619
41;PR;2007;0.91
17;TO;2007;0.88
12;AC;2007;0.76
52;GO;2007;0.76
14;RR;2007;0.75
11;RO;2007;0.61
53;DF;2007;0.61
28;SE;2007;0.56
31;MG;2007;0.56
35;SP;2007;0.55
15;PA;2007;0.53
21;MA;2007;0.52
26;PE;2007;0.41
23;CE;2007;0.36
24;RN;2007;0.36
25;PB;2007;0.35
32;ES;2007;0.32
29;BA;2007;0.27
27;AL;2007;0.23
33;RJ;2007;0.19
13;AM;2007;0.18
43;RS;2007;20.32
51;MT;2007;10.86
50;MS;2007;10.59
42;SC;2007;10.57
16;AP;2007;10.22
22;PI;2007;0.95
53;DF;2007;0.611
52;GO;2007;0.761
51;MT;2007;10.86
50;MS;2007;10.59
43;RS;2007;20.32
42;SC;2007;10.57
41;PR;2007;0.914
35;SP;2007;0.557
33;RJ;2007;0.195
32;ES;2007;0.328
31;MG;2007;0.566
29;BA;2007;0.277
28;SE;2007;0.567
27;AL;2007;0.23
26;PE;2007;0.412
25;PB;2007;0.357
24;RN;2007;0.365
22;PI;2007;0.956
32;ES;2008;0.46
31;MG;2008;0.48
15;PA;2008;0.49
35;SP;2008;0.52
53;DF;2008;0.54
41;PR;2008;0.65
14;RR;2008;0.96
12;AC;2008;0.88
22;PI;2008;0.64
25;PB;2008;0.58
21;MA;2008;0.55
11;RO;2008;0.53
16;AP;2008;0.48
24;RN;2008;0.48
23;CE;2008;0.39
13;AM;2008;0.38
26;PE;2008;0.37
27;AL;2008;0.35
17;TO;2008;11.71
11;RO;2008;0.536
52;GO;2008;0.8
51;MT;2008;0.98
27;AL;2008;0.352
26;PE;2008;0.378
25;PB;2008;0.588
24;RN;2008;0.483
23;CE;2008;0.391
22;PI;2008;0.641
21;MA;2008;0.555
17;TO;2008;11.71
16;AP;2008;0.489
15;PA;2008;0.492
14;RR;2008;0.969
13;AM;2008;0.389
12;AC;2008;0.882
28;SE;2008;0.35
29;BA;2008;0.214
31;MG;2008;0.484
32;ES;2008;0.463
33;RJ;2008;0.328
35;SP;2008;0.524
41;PR;2008;0.652
42;SC;2008;10.41
43;RS;2008;18.7
50;MS;2008;11.56
51;MT;2008;0.98
52;GO;2008;0.804
53;DF;2008;0.547
42;SC;2008;10.41
50;MS;2008;11.56
43;RS;2008;18.7
29;BA;2008;0.21
33;RJ;2008;0.32
28;SE;2008;0.35
25;PB;2009;0.37
53;DF;2009;0.729
52;GO;2009;0.54
51;MT;2009;0.866
50;MS;2009;10.59
43;RS;2009;19.06
42;SC;2009;0.899
41;PR;2009;0.814
35;SP;2009;0.522
33;RJ;2009;0.25
32;ES;2009;0.401
31;MG;2009;0.519
29;BA;2009;0.232
28;SE;2009;0.149
27;AL;2009;0.222
26;PE;2009;0.261
25;PB;2009;0.371
24;RN;2009;0.287
23;CE;2009;0.491
22;PI;2009;0.858
21;MA;2009;0.283
17;TO;2009;0.851
16;AP;2009;0
15;PA;2009;0.402
14;RR;2009;0.474
13;AM;2009;0.295
12;AC;2009;0.723
11;RO;2009;0.532
50;MS;2009;10.59
43;RS;2009;19.06
16;AP;2009;0
28;SE;2009;0.14
27;AL;2009;0.22
29;BA;2009;0.23
33;RJ;2009;0.25
26;PE;2009;0.26
21;MA;2009;0.28
24;RN;2009;0.28
13;AM;2009;0.29
32;ES;2009;0.4
15;PA;2009;0.4
14;RR;2009;0.47
23;CE;2009;0.49
31;MG;2009;0.51
35;SP;2009;0.52
11;RO;2009;0.53
52;GO;2009;0.54
12;AC;2009;0.72
53;DF;2009;0.72
41;PR;2009;0.81
17;TO;2009;0.85
22;PI;2009;0.85
51;MT;2009;0.86
42;SC;2009;0.89
32;ES;2010;0.62
28;SE;2010;0.58
17;TO;2010;10.12
22;PI;2010;0.54
42;SC;2010;0.75
31;MG;2010;0.4797
32;ES;2010;0.6263
33;RJ;2010;0.2564
53;DF;2010;0.7413
35;SP;2010;0.4994
41;PR;2010;0.5556
41;PR;2010;0.55
43;RS;2010;15.427
50;MS;2010;0.6124
51;MT;2010;0.6592
52;GO;2010;0.4997
25;PB;2010;0.3717
21;MA;2010;0.5
12;AC;2010;0.54
11;RO;2010;0.6408
12;AC;2010;0.5459
13;AM;2010;0.3447
14;RR;2010;0.2216
15;PA;2010;0.2372
16;AP;2010;0.4486
21;MA;2010;0.5023
23;CE;2010;0.2841
24;RN;2010;0.3472
17;TO;2010;10.12
22;PI;2010;0.545
42;SC;2010;0.752
26;PE;2010;0.3411
27;AL;2010;0.0961
28;SE;2010;0.5803
29;BA;2010;0.3281
43;RS;2010;15.42
27;AL;2010;0.09
14;RR;2010;0.22
15;PA;2010;0.23
16;AP;2010;0.44
31;MG;2010;0.47
35;SP;2010;0.49
33;RJ;2010;0.25
23;CE;2010;0.28
29;BA;2010;0.32
26;PE;2010;0.34
13;AM;2010;0.34
24;RN;2010;0.34
25;PB;2010;0.37
52;GO;2010;0.49
53;DF;2010;0.74
51;MT;2010;0.65
50;MS;2010;0.61
11;RO;2010;0.64
53;DF;2011;0.3065
26;PE;2011;0.27
11;RO;2011;0.9515
12;AC;2011;0.5359
13;AM;2011;0.3674
15;PA;2011;0.3902
16;AP;2011;0.1461
17;TO;2011;0.4283
21;MA;2011;0.3912
22;PI;2011;0.5732
23;CE;2011;0.1993
24;RN;2011;0.4064
25;PB;2011;0.3165
26;PE;2011;0.2707
27;AL;2011;0.0636
28;SE;2011;0.2393
29;BA;2011;0.1773
31;MG;2011;0.5322
32;ES;2011;0.5075
33;RJ;2011;0.3289
35;SP;2011;0.4352
41;PR;2011;0.5803
12;AC;2011;0.53
31;MG;2011;0.53
32;ES;2011;0.5
52;GO;2011;0.46
35;SP;2011;0.43
17;TO;2011;0.42
24;RN;2011;0.4
21;MA;2011;0.39
25;PB;2011;0.31
53;DF;2011;0.3
43;RS;2011;14.44
50;MS;2011;10.49
14;RR;2011;0
41;PR;2011;0.58
22;PI;2011;0.57
42;SC;2011;0.7124
43;RS;2011;14.441
50;MS;2011;10.494
51;MT;2011;0.8128
52;GO;2011;0.4605
28;SE;2011;0.23
33;RJ;2011;0.32
13;AM;2011;0.36
15;PA;2011;0.39
14;RR;2011;0
42;SC;2011;0.71
51;MT;2011;0.81
11;RO;2011;0.95
27;AL;2011;0.06
16;AP;2011;0.14
29;BA;2011;0.17
23;CE;2011;0.19
28;SE;2012;0.23
29;BA;2012;0.27
24;RN;2012;0.3
21;MA;2012;0.32
52;GO;2012;0.35
26;PE;2012;0.35
32;ES;2012;0.41
35;SP;2012;0.43
31;MG;2012;0.48
41;PR;2012;0.67
22;PI;2012;0.696
14;RR;2012;0.426
13;AM;2012;0.362
13;AM;2012;0.36
14;RR;2012;0.42
53;DF;2012;0.6796
52;GO;2012;0.3574
51;MT;2012;10.272
50;MS;2012;0.8383
43;RS;2012;16.341
42;SC;2012;0.6736
41;PR;2012;0.6712
35;SP;2012;0.4367
33;RJ;2012;0.2649
32;ES;2012;0.4192
31;MG;2012;0.4885
29;BA;2012;0.2751
28;SE;2012;0.2369
27;AL;2012;0.0948
26;PE;2012;0.3583
25;PB;2012;0.5504
24;RN;2012;0.3098
23;CE;2012;0.2092
21;MA;2012;0.3277
17;TO;2012;0.9875
16;AP;2012;0.1431
15;PA;2012;0.6392
12;AC;2012;0.7907
11;RO;2012;0.6289
25;PB;2012;0.55
11;RO;2012;0.62
15;PA;2012;0.63
42;SC;2012;0.67
53;DF;2012;0.67
22;PI;2012;0.69
12;AC;2012;0.79
50;MS;2012;0.83
17;TO;2012;0.98
51;MT;2012;10.27
43;RS;2012;16.34
27;AL;2012;0.09
16;AP;2012;0.14
23;CE;2012;0.2
33;RJ;2012;0.26
50;MS;2013;0.96
22;PI;2013;0.69
42;SC;2013;0.69
41;PR;2013;0.7
51;MT;2013;0.97
22;PI;2013;0.691
53;DF;2013;0.43
52;GO;2013;0.637
51;MT;2013;0.974
50;MS;2013;0.966
43;RS;2013;18.36
42;SC;2013;0.693
41;PR;2013;0.709
35;SP;2013;0.467
33;RJ;2013;0.232
32;ES;2013;0.573
31;MG;2013;0.452
29;BA;2013;0.279
28;SE;2013;0.319
27;AL;2013;0.242
26;PE;2013;0.195
25;PB;2013;0.204
24;RN;2013;0.415
23;CE;2013;0.205
21;MA;2013;0.412
17;TO;2013;0.947
16;AP;2013;0
15;PA;2013;0.438
14;RR;2013;0.205
13;AM;2013;0.315
12;AC;2013;0.258
11;RO;2013;0.926
13;AM;2013;0.31
29;BA;2013;0.27
12;AC;2013;0.25
27;AL;2013;0.24
33;RJ;2013;0.23
23;CE;2013;0.2
14;RR;2013;0.2
25;PB;2013;0.2
26;PE;2013;0.19
16;AP;2013;0
43;RS;2013;18.36
32;ES;2013;0.57
35;SP;2013;0.46
31;MG;2013;0.45
15;PA;2013;0.43
53;DF;2013;0.43
24;RN;2013;0.41
21;MA;2013;0.41
52;GO;2013;0.63
28;SE;2013;0.31
11;RO;2013;0.92
17;TO;2013;0.94
17;TO;2014;0.46
14;RR;2014;0.2
13;AM;2014;0.25
16;AP;2014;0.26
25;PB;2014;0.3
15;PA;2014;0.3
24;RN;2014;0.41
23;CE;2014;0.41
12;AC;2014;0.5
15;PA;2014;0.3085
16;AP;2014;0.2663
17;TO;2014;0.4676
21;MA;2014;0.5401
22;PI;2014;0.5634
23;CE;2014;0.4184
24;RN;2014;0.4107
25;PB;2014;0.3043
26;PE;2014;0.1832
27;AL;2014;0.0602
28;SE;2014;0.2703
29;BA;2014;0.2843
31;MG;2014;0.4919
32;ES;2014;0.2831
33;RJ;2014;0.3159
35;SP;2014;0.4156
41;PR;2014;0.6317
42;SC;2014;0.6689
43;RS;2014;14.901
50;MS;2014;0.8398
51;MT;2014;0.8374
52;GO;2014;0.5672
53;DF;2014;0.4207
14;RR;2014;0.2012
13;AM;2014;0.2581
12;AC;2014;0.5063
11;RO;2014;0.5719
21;MA;2014;0.54
22;PI;2014;0.56
11;RO;2014;0.57
50;MS;2014;0.83
51;MT;2014;0.83
42;SC;2014;0.66
41;PR;2014;0.63
52;GO;2014;0.56
31;MG;2014;0.49
53;DF;2014;0.42
35;SP;2014;0.41
33;RJ;2014;0.31
29;BA;2014;0.28
32;ES;2014;0.28
28;SE;2014;0.27
26;PE;2014;0.18
27;AL;2014;0.06
43;RS;2014;14.9
29;BA;2015;0.2499
28;SE;2015;0.2675
27;AL;2015;0.0898
26;PE;2015;0.1284
24;RN;2015;0.2615
23;CE;2015;0.2583
22;PI;2015;0.6242
21;MA;2015;0.6083
16;AP;2015;0.2609
15;PA;2015;0.3412
14;RR;2015;0.1978
13;AM;2015;0.2285
17;TO;2015;0.594
25;PB;2015;0.151
32;ES;2015;0.229
50;MS;2015;0.9052
25;PB;2015;0.15
17;TO;2015;0.59
32;ES;2015;0.22
53;DF;2015;0.4117
12;AC;2015;0.3734
52;GO;2015;0.5294
24;RN;2015;0.26
16;AP;2015;0.26
23;CE;2015;0.25
29;BA;2015;0.24
13;AM;2015;0.22
14;RR;2015;0.19
33;RJ;2015;0.18
26;PE;2015;0.12
27;AL;2015;0.08
43;RS;2015;14.75
51;MT;2015;0.6125
50;MS;2015;0.9
41;PR;2015;0.68
11;RO;2015;0.67
42;SC;2015;0.65
22;PI;2015;0.62
51;MT;2015;0.61
21;MA;2015;0.6
52;GO;2015;0.52
31;MG;2015;0.41
53;DF;2015;0.41
35;SP;2015;0.4
12;AC;2015;0.37
15;PA;2015;0.34
28;SE;2015;0.26
43;RS;2015;14.758
42;SC;2015;0.6599
41;PR;2015;0.6898
35;SP;2015;0.4009
11;RO;2015;0.6787
33;RJ;2015;0.1813
31;MG;2015;0.4121
22;PI;2016;0.46
25;PB;2016;0.22
14;RR;2016;0
41;PR;2016;0.51
11;RO;2016;0.55
21;MA;2016;0.56
53;DF;2016;0.6
50;MS;2016;0.82
17;TO;2016;0.78
12;AC;2016;0.61
15;PA;2016;0.3492
13;AM;2016;0.2499
12;AC;2016;0.6122
11;RO;2016;0.5595
31;MG;2016;0.45
35;SP;2016;0.42
28;SE;2016;0.35
32;ES;2016;0.35
15;PA;2016;0.34
23;CE;2016;0.31
26;PE;2016;0.29
16;AP;2016;0.25
33;RJ;2016;0.25
13;AM;2016;0.24
29;BA;2016;0.22
27;AL;2016;0.02
43;RS;2016;14.44
14;RR;2016;0
22;PI;2016;0.467
24;RN;2016;0.259
25;PB;2016;0.225
51;MT;2016;0.605
52;GO;2016;0.62
16;AP;2016;0.2557
17;TO;2016;0.7828
21;MA;2016;0.5608
23;CE;2016;0.3124
26;PE;2016;0.2975
27;AL;2016;0.0298
28;SE;2016;0.3531
29;BA;2016;0.2291
31;MG;2016;0.4524
32;ES;2016;0.3523
33;RJ;2016;0.2525
35;SP;2016;0.4223
41;PR;2016;0.5159
42;SC;2016;0.6801
43;RS;2016;14.442
50;MS;2016;0.8202
52;GO;2016;0.6273
53;DF;2016;0.6046
42;SC;2016;0.68
51;MT;2016;0.6
24;RN;2016;0.25
26;PE;2017;0.2639
25;PB;2017;0.47
24;RN;2017;0.05
11;RO;2017;0.7753
12;AC;2017;0.9643
13;AM;2017;0.2215
14;RR;2017;0.1913
15;PA;2017;0.1793
16;AP;2017;0.3761
17;TO;2017;0.7096
21;MA;2017;0.5428
22;PI;2017;0.8076
23;CE;2017;0.2217
27;AL;2017;0.0889
28;SE;2017;0.3933
29;BA;2017;0.4041
31;MG;2017;0.4119
32;ES;2017;0.1992
33;RJ;2017;0.2153
35;SP;2017;0.3881
41;PR;2017;0.6007
42;SC;2017;0.8284
43;RS;2017;15.544
50;MS;2017;0.9583
51;MT;2017;0.5382
52;GO;2017;0.4868
53;DF;2017;0.3619
24;RN;2017;0.057
25;PB;2017;0.472
12;AC;2017;0.96
50;MS;2017;0.95
42;SC;2017;0.82
22;PI;2017;0.8
11;RO;2017;0.77
17;TO;2017;0.7
41;PR;2017;0.6
21;MA;2017;0.54
51;MT;2017;0.53
52;GO;2017;0.48
31;MG;2017;0.41
29;BA;2017;0.4
28;SE;2017;0.39
35;SP;2017;0.38
16;AP;2017;0.37
53;DF;2017;0.36
26;PE;2017;0.26
23;CE;2017;0.22
13;AM;2017;0.22
33;RJ;2017;0.21
32;ES;2017;0.19
14;RR;2017;0.19
15;PA;2017;0.17
27;AL;2017;0.08
43;RS;2017;15.54
32;ES;2018;0.3
13;AM;2018;0.29
26;PE;2018;0.28
33;RJ;2018;0.27
15;PA;2018;0.25
29;BA;2018;0.25
16;AP;2018;0.24
25;PB;2018;0.2
14;RR;2018;0.17
27;AL;2018;0.06
43;RS;2018;1.43
53;DF;2018;0.975
52;GO;2018;0.506
51;MT;2018;0.93
50;MS;2018;0.91
43;RS;2018;1.439
42;SC;2018;0.763
41;PR;2018;0.881
35;SP;2018;0.365
33;RJ;2018;0.274
32;ES;2018;0.302
31;MG;2018;0.418
29;BA;2018;0.257
28;SE;2018;0.351
27;AL;2018;0.06
26;PE;2018;0.284
25;PB;2018;0.2
24;RN;2018;0.402
23;CE;2018;0.331
22;PI;2018;0.858
21;MA;2018;0.355
11;RO;2018;0.171
12;AC;2018;0.575
13;AM;2018;0.294
14;RR;2018;0.173
15;PA;2018;0.258
16;AP;2018;0.241
17;TO;2018;0.579
11;RO;2018;0.17
53;DF;2018;0.97
51;MT;2018;0.93
50;MS;2018;0.91
41;PR;2018;0.88
22;PI;2018;0.85
42;SC;2018;0.76
17;TO;2018;0.57
12;AC;2018;0.57
52;GO;2018;0.5
31;MG;2018;0.41
24;RN;2018;0.4
35;SP;2018;0.36
21;MA;2018;0.35
28;SE;2018;0.35
23;CE;2018;0.33
16;AP;2019;0
27;AL;2019;0.24
17;TO;2019;0.95
41;PR;2019;0.8
53;DF;2019;0.796
52;GO;2019;0.584
51;MT;2019;0.775
50;MS;2019;0.972
43;RS;2019;1.274
42;SC;2019;0.684
41;PR;2019;0.805
35;SP;2019;0.327
33;RJ;2019;0.232
32;ES;2019;0.249
31;MG;2019;0.524
29;BA;2019;0.303
28;SE;2019;0.348
27;AL;2019;0.24
26;PE;2019;0.209
25;PB;2019;0.274
24;RN;2019;0.342
23;CE;2019;0.318
22;PI;2019;0.642
21;MA;2019;0.495
17;TO;2019;0.954
16;AP;2019;0
15;PA;2019;0.244
14;RR;2019;0.165
13;AM;2019;0.241
12;AC;2019;1.134
11;RO;2019;0.619
24;RN;2019;0.34
12;AC;2019;1.13
43;RS;2019;1.27
14;RR;2019;0.16
26;PE;2019;0.2
33;RJ;2019;0.23
13;AM;2019;0.24
15;PA;2019;0.24
32;ES;2019;0.24
25;PB;2019;0.27
29;BA;2019;0.3
23;CE;2019;0.31
35;SP;2019;0.32
50;MS;2019;0.97
53;DF;2019;0.79
51;MT;2019;0.77
42;SC;2019;0.68
22;PI;2019;0.64
11;RO;2019;0.61
52;GO;2019;0.58
31;MG;2019;0.52
21;MA;2019;0.49
28;SE;2019;0.34
14;RR;2020;0
16;AP;2020;0
26;PE;2020;0.18
15;PA;2020;0.19
27;AL;2020;0.2
25;PB;2020;0.27
33;RJ;2020;0.28
28;SE;2020;0.3
35;SP;2020;0.31
23;CE;2020;0.32
24;RN;2020;0.36
29;BA;2020;0.36
31;MG;2020;0.36
13;AM;2020;0.38
21;MA;2020;0.39
53;DF;2020;0.39
22;PI;2020;0.45
52;GO;2020;0.49
41;PR;2020;0.71
12;AC;2020;0.67
11;RO;2020;0.55
50;MS;2020;0.64
32;ES;2020;0.56
51;MT;2020;0.93
43;RS;2020;1.6
42;SC;2020;0.91
17;TO;2020;0.81
32;ES;2021;0.34
12;AC;2021;0.77
13;AM;2021;0.18
14;RR;2021;0.3
15;PA;2021;0.38
16;AP;2021;0.22
17;TO;2021;0.62
25;PB;2021;0.29
26;PE;2021;0.28
27;AL;2021;0.26
28;SE;2021;0.38
29;BA;2021;0.34
31;MG;2021;0.44
33;RJ;2021;0.36
35;SP;2021;0.37
21;MA;2021;0.4
11;RO;2021;0.6
41;PR;2021;0.61
42;SC;2021;0.74
43;RS;2021;1.44
50;MS;2021;0.66
22;PI;2021;0.76
23;CE;2021;0.4
24;RN;2021;0.33
53;DF;2021;0.8
52;GO;2021;0.72
51;MT;2021;0.92
11;RO;2022;0.6
43;RS;2022;1.51
15;PA;2022;0.33
25;PB;2022;0.3
12;AC;2022;0.22
27;AL;2022;0.33
16;AP;2022;0.23
13;AM;2022;0.26
29;BA;2022;0.34
23;CE;2022;0.26
53;DF;2022;0.73
41;PR;2022;0.8
26;PE;2022;0.27
22;PI;2022;0.49
33;RJ;2022;0.29
32;ES;2022;0.36
52;GO;2022;0.81
21;MA;2022;0.46
24;RN;2022;0.39
17;TO;2022;1.06
28;SE;2022;0.34
35;SP;2022;0.92
51;MT;2022;0.73
50;MS;2022;1
31;MG;2022;0.53
42;SC;2022;0.37
14;RR;2022;0
